{
  "train_loss": [
    1.7453171547615167,
    1.3778984889839634,
    1.2754823353254434,
    1.1799747447172801,
    1.1118657263842495,
    1.0495006595597123,
    1.0038467198610306,
    0.9865558459000154,
    0.9460033151236448,
    0.9235541034828533,
    0.8926548470150341,
    0.8759695314096682,
    0.8419801583795836,
    0.852160599195596,
    0.839407282796773,
    0.8174810269565294,
    0.7894515553207109,
    0.7819018108826695,
    0.7726188234307549,
    0.747376504043738,
    0.6684948910366405,
    0.6605317276535612,
    0.6510845440806765,
    0.6356888715967988,
    0.6377473762541106,
    0.6365451295719002,
    0.6255307217890566,
    0.6162734855756615,
    0.6147002747113054,
    0.6145739799196069,
    0.605173003041383,
    0.6048091284253381,
    0.5906578397208994,
    0.5907887066855575,
    0.5797387451836558,
    0.5806091019149983,
    0.5892649446472977,
    0.5819559668501219,
    0.5749895599755374,
    0.580151657489213,
    0.550419541245157,
    0.5515218514836195,
    0.5413621334415494,
    0.5398898449811068,
    0.5454873490062627,
    0.5416026126706239,
    0.5292975597760894,
    0.5404774067979871,
    0.538333549869783,
    0.5410892637164304
  ],
  "val_loss": [
    1.3490631066519638,
    1.169557746114402,
    1.0930738315500061,
    1.059368635046071,
    0.9775485283341901,
    0.888712632758864,
    0.9838493954518746,
    0.8440866285356982,
    0.882781275387468,
    0.8459719912759189,
    0.8119743235152344,
    0.7487894476487719,
    0.7566373661674303,
    0.7346952996891121,
    0.7013283793268532,
    0.7996005385086454,
    1.0620749361556152,
    0.6850362435497087,
    0.6906275713238222,
    0.6277110694811262,
    0.5779461115598679,
    0.5649245389062783,
    0.5516922771930695,
    0.5465541250746826,
    0.5775385827853762,
    0.5322943607280994,
    0.533500668817553,
    0.5358913584515966,
    0.5366138415089969,
    0.5287719517946243,
    0.5342964863982694,
    0.5180713172102797,
    0.5236663150376287,
    0.5076563563840143,
    0.5031619655161068,
    0.5023735019153562,
    0.5016729685253111,
    0.511325873177627,
    0.5163364966624769,
    0.5022736741551037,
    0.4884230972364031,
    0.4847088810698739,
    0.477814674634358,
    0.47916317756833704,
    0.48186259639674217,
    0.48114783573767234,
    0.47816035100098314,
    0.47576532538594873,
    0.4863358933863969,
    0.47437740682527935
  ],
  "train_acc": [
    0.41832386363636365,
    0.5365767045454546,
    0.5736268939393939,
    0.60546875,
    0.6242897727272727,
    0.6460700757575758,
    0.6596827651515151,
    0.6660748106060606,
    0.6811079545454546,
    0.6877367424242424,
    0.6950757575757576,
    0.7059659090909091,
    0.7174479166666666,
    0.7141335227272727,
    0.717092803030303,
    0.728811553030303,
    0.7336647727272727,
    0.7357954545454546,
    0.7383996212121212,
    0.7528409090909091,
    0.7781723484848485,
    0.7748579545454546,
    0.7800662878787878,
    0.7882339015151515,
    0.786813446969697,
    0.7879971590909091,
    0.7924952651515151,
    0.7947443181818182,
    0.7967566287878788,
    0.7943892045454546,
    0.7934422348484849,
    0.8016098484848485,
    0.8018465909090909,
    0.8020833333333334,
    0.8078835227272727,
    0.8096590909090909,
    0.8004261363636364,
    0.8084753787878788,
    0.8068181818181818,
    0.8071732954545454,
    0.8177083333333334,
    0.8125,
    0.8199573863636364,
    0.8224431818181818,
    0.8203125,
    0.8204308712121212,
    0.8193655303030303,
    0.8209043560606061,
    0.8232717803030303,
    0.8232717803030303
  ],
  "val_acc": [
    0.5571120689655172,
    0.5975215517241379,
    0.6179956896551724,
    0.6411637931034483,
    0.6616379310344828,
    0.6891163793103449,
    0.6524784482758621,
    0.724676724137931,
    0.6869612068965517,
    0.7235991379310345,
    0.71875,
    0.75,
    0.7295258620689655,
    0.7446120689655172,
    0.7640086206896551,
    0.7413793103448276,
    0.6761853448275862,
    0.7737068965517241,
    0.775323275862069,
    0.7764008620689655,
    0.8011853448275862,
    0.8146551724137931,
    0.8178879310344828,
    0.8157327586206896,
    0.8081896551724138,
    0.8275862068965517,
    0.8168103448275862,
    0.8119612068965517,
    0.8238146551724138,
    0.8178879310344828,
    0.8205818965517241,
    0.8254310344827587,
    0.8254310344827587,
    0.828125,
    0.8205818965517241,
    0.8324353448275862,
    0.8275862068965517,
    0.8254310344827587,
    0.828125,
    0.8324353448275862,
    0.8324353448275862,
    0.8324353448275862,
    0.8372844827586207,
    0.8389008620689655,
    0.8367456896551724,
    0.8275862068965517,
    0.8318965517241379,
    0.8389008620689655,
    0.8345905172413793,
    0.8410560344827587
  ],
  "train_precision": [
    0.3845568721965334,
    0.5172531042810234,
    0.5556461722468946,
    0.5917888796705068,
    0.617535008189417,
    0.6346390655513213,
    0.6516120982728192,
    0.660295829748106,
    0.6758434197421083,
    0.6821167186220508,
    0.6912792987264385,
    0.7001975707667023,
    0.7157458977507735,
    0.7122325006922644,
    0.7147159248260501,
    0.7249353766679627,
    0.7297000656496022,
    0.7322508986625621,
    0.7372623332241919,
    0.7513112671315454,
    0.7765077596529968,
    0.7738810819257816,
    0.779061365649906,
    0.7885677105307776,
    0.7863826595198361,
    0.7864210929197836,
    0.7912571492959404,
    0.7938748991720781,
    0.7958972837390091,
    0.793106463880195,
    0.7945925326926854,
    0.8005825869233304,
    0.8017334471965882,
    0.8028056184760549,
    0.8072442116552058,
    0.8091265670040392,
    0.8002392029396405,
    0.8071163198209786,
    0.8060802004538846,
    0.8065020529581655,
    0.81862865352788,
    0.811704828348289,
    0.8194336486486246,
    0.821825829827003,
    0.8198036399731046,
    0.8207813252682404,
    0.81930852908735,
    0.8202951453429642,
    0.8237221652867514,
    0.8236016095663846
  ],
  "val_precision": [
    0.5588330172411613,
    0.6164679857796281,
    0.642002937001387,
    0.6513814338178929,
    0.6679925039062549,
    0.7004143664382732,
    0.6982879759554083,
    0.7387610032137509,
    0.7222518626730161,
    0.7409050377584718,
    0.7400808113370682,
    0.7715437059183997,
    0.7614219208507765,
    0.7596585589675922,
    0.7859652034335272,
    0.7557513194686206,
    0.706491579352415,
    0.7853407319593994,
    0.7884051234368081,
    0.8004581163502879,
    0.8098553455027883,
    0.8195312901398867,
    0.8201564389778713,
    0.819219399246437,
    0.817629993463112,
    0.8302368276717079,
    0.8284859882208191,
    0.8194499452988411,
    0.8247284948984139,
    0.829031074270737,
    0.8282225826906396,
    0.8302555767919567,
    0.8314594863906319,
    0.8340944008993216,
    0.8284386628275553,
    0.8332375590243377,
    0.8295239649685228,
    0.8366657344908115,
    0.8339324372141694,
    0.8345606586826128,
    0.8378092912989001,
    0.8380306650485987,
    0.8458671522753264,
    0.8438526136881769,
    0.837948159569771,
    0.8342935882948365,
    0.839799842267769,
    0.8415033081157628,
    0.8393869702216715,
    0.8460742391372363
  ],